"_id","participantId","conditionOrder","currentStep","choiceTask","earnings","createdAt","updatedAt","timestamps_consentGiven","age","gender","race","region","edu_level","socio_status","genuine_choices_matching_selection","genuine_choices_matching_latency","genuine_choices_matching_timestamp","genuine_choices_sorting_selection","genuine_choices_sorting_latency","genuine_choices_sorting_timestamp","genuine_choices_dragging_selection","genuine_choices_dragging_latency","genuine_choices_dragging_timestamp","earningsByTask_matching_genuine","earningsByTask_sorting_genuine","earningsByTask_dragging_genuine","earningsByTask_matching_apparent","earningsByTask_sorting_apparent","earningsByTask_dragging_apparent","earningsByTask_matching_coercion","earningsByTask_sorting_coercion","earningsByTask_dragging_coercion","matching_genuine_Opt-Out Latency","matching_genuine_Opt-Out Count","sorting_genuine_Opt-Out Latency","sorting_genuine_Opt-Out Count","dragging_genuine_Opt-Out Latency","dragging_genuine_Opt-Out Count","matching_apparent_Opt-Out Latency","matching_apparent_Opt-Out Count","sorting_apparent_Opt-Out Latency","sorting_apparent_Opt-Out Count","dragging_apparent_Opt-Out Latency","dragging_apparent_Opt-Out Count","matching_coercion_Opt-Out Latency","matching_coercion_Opt-Out Count","sorting_coercion_Opt-Out Latency","sorting_coercion_Opt-Out Count","dragging_coercion_Opt-Out Latency","dragging_coercion_Opt-Out Count","miniSurveys_genuine_rating","miniSurveys_genuine_timestamp","miniSurveys_apparent_rating","miniSurveys_apparent_timestamp","miniSurveys_coercion_rating","miniSurveys_coercion_timestamp","postSurvey_emotionalResponse_genuine","postSurvey_emotionalResponse_apparent","postSurvey_emotionalResponse_coercion","postSurvey_preferenceRanking","postSurvey_demandRanking","postSurvey_senseOfControl","postSurvey_timestamp","matching_genuine_Switch-Task Latency","matching_genuine_Switch-Task Count","sorting_genuine_Switch-Task Latency","sorting_genuine_Switch-Task Count","dragging_genuine_Switch-Task Latency","dragging_genuine_Switch-Task Count","trialMetrics_matching_pre-training_task","trialMetrics_matching_pre-training_phase","trialMetrics_matching_pre-training_totalTrials","trialMetrics_matching_pre-training_startTime","trialMetrics_matching_pre-training_endTime","trialMetrics_matching_pre-training_durationMinutes","trialMetrics_matching_pre-training_trialsPerMinute","trialMetrics_matching_pre-training_correctCount","trialMetrics_matching_pre-training_activeTimeMs","trialMetrics_matching_pre-training_reinforcerCount","trialMetrics_matching_pre-training_countPos1","trialMetrics_matching_pre-training_countPos2","trialMetrics_matching_pre-training_countPos3","trialMetrics_matching_pre-training_totalPRResponses","trialMetrics_matching_pre-training_breakpoint","trialMetrics_matching_pre-training_accuracy","trialMetrics_matching_pre-training_activeTimeMinutes","trialMetrics_matching_pre-training_idleTimeMinutes","trialMetrics_matching_pre-training_reinforcementRatePerMin","trialMetrics_matching_pre-training_percentPos1","trialMetrics_matching_pre-training_percentPos2","trialMetrics_matching_pre-training_percentPos3","trialMetrics_matching_pre-training_percentLeft","trialMetrics_matching_pre-training_percentRight","trialMetrics_sorting_pre-training_task","trialMetrics_sorting_pre-training_phase","trialMetrics_sorting_pre-training_totalTrials","trialMetrics_sorting_pre-training_startTime","trialMetrics_sorting_pre-training_endTime","trialMetrics_sorting_pre-training_durationMinutes","trialMetrics_sorting_pre-training_trialsPerMinute","trialMetrics_sorting_pre-training_correctCount","trialMetrics_sorting_pre-training_activeTimeMs","trialMetrics_sorting_pre-training_reinforcerCount","trialMetrics_sorting_pre-training_countPos1","trialMetrics_sorting_pre-training_countPos2","trialMetrics_sorting_pre-training_countPos3","trialMetrics_sorting_pre-training_totalPRResponses","trialMetrics_sorting_pre-training_breakpoint","trialMetrics_sorting_pre-training_accuracy","trialMetrics_sorting_pre-training_activeTimeMinutes","trialMetrics_sorting_pre-training_idleTimeMinutes","trialMetrics_sorting_pre-training_reinforcementRatePerMin","trialMetrics_sorting_pre-training_percentPos1","trialMetrics_sorting_pre-training_percentPos2","trialMetrics_sorting_pre-training_percentPos3","trialMetrics_sorting_pre-training_percentLeft","trialMetrics_sorting_pre-training_percentRight","trialMetrics_dragging_pre-training_task","trialMetrics_dragging_pre-training_phase","trialMetrics_dragging_pre-training_totalTrials","trialMetrics_dragging_pre-training_startTime","trialMetrics_dragging_pre-training_endTime","trialMetrics_dragging_pre-training_durationMinutes","trialMetrics_dragging_pre-training_trialsPerMinute","trialMetrics_dragging_pre-training_correctCount","trialMetrics_dragging_pre-training_activeTimeMs","trialMetrics_dragging_pre-training_reinforcerCount","trialMetrics_dragging_pre-training_countPos1","trialMetrics_dragging_pre-training_countPos2","trialMetrics_dragging_pre-training_countPos3","trialMetrics_dragging_pre-training_totalPRResponses","trialMetrics_dragging_pre-training_breakpoint","trialMetrics_dragging_pre-training_accuracy","trialMetrics_dragging_pre-training_activeTimeMinutes","trialMetrics_dragging_pre-training_idleTimeMinutes","trialMetrics_dragging_pre-training_reinforcementRatePerMin","trialMetrics_dragging_pre-training_percentPos1","trialMetrics_dragging_pre-training_percentPos2","trialMetrics_dragging_pre-training_percentPos3","trialMetrics_dragging_pre-training_percentLeft","trialMetrics_dragging_pre-training_percentRight","trialMetrics_matching_genuine execution_task","trialMetrics_matching_genuine execution_phase","trialMetrics_matching_genuine execution_totalTrials","trialMetrics_matching_genuine execution_startTime","trialMetrics_matching_genuine execution_endTime","trialMetrics_matching_genuine execution_durationMinutes","trialMetrics_matching_genuine execution_trialsPerMinute","trialMetrics_matching_genuine execution_correctCount","trialMetrics_matching_genuine execution_activeTimeMs","trialMetrics_matching_genuine execution_reinforcerCount","trialMetrics_matching_genuine execution_countPos1","trialMetrics_matching_genuine execution_countPos2","trialMetrics_matching_genuine execution_countPos3","trialMetrics_matching_genuine execution_totalPRResponses","trialMetrics_matching_genuine execution_breakpoint","trialMetrics_matching_genuine execution_accuracy","trialMetrics_matching_genuine execution_activeTimeMinutes","trialMetrics_matching_genuine execution_idleTimeMinutes","trialMetrics_matching_genuine execution_reinforcementRatePerMin","trialMetrics_matching_genuine execution_percentPos1","trialMetrics_matching_genuine execution_percentPos2","trialMetrics_matching_genuine execution_percentPos3","trialMetrics_matching_genuine execution_percentLeft","trialMetrics_matching_genuine execution_percentRight","trialMetrics_sorting_genuine execution_task","trialMetrics_sorting_genuine execution_phase","trialMetrics_sorting_genuine execution_totalTrials","trialMetrics_sorting_genuine execution_startTime","trialMetrics_sorting_genuine execution_endTime","trialMetrics_sorting_genuine execution_durationMinutes","trialMetrics_sorting_genuine execution_trialsPerMinute","trialMetrics_sorting_genuine execution_correctCount","trialMetrics_sorting_genuine execution_activeTimeMs","trialMetrics_sorting_genuine execution_reinforcerCount","trialMetrics_sorting_genuine execution_countPos1","trialMetrics_sorting_genuine execution_countPos2","trialMetrics_sorting_genuine execution_countPos3","trialMetrics_sorting_genuine execution_totalPRResponses","trialMetrics_sorting_genuine execution_breakpoint","trialMetrics_sorting_genuine execution_accuracy","trialMetrics_sorting_genuine execution_activeTimeMinutes","trialMetrics_sorting_genuine execution_idleTimeMinutes","trialMetrics_sorting_genuine execution_reinforcementRatePerMin","trialMetrics_sorting_genuine execution_percentPos1","trialMetrics_sorting_genuine execution_percentPos2","trialMetrics_sorting_genuine execution_percentPos3","trialMetrics_sorting_genuine execution_percentLeft","trialMetrics_sorting_genuine execution_percentRight","trialMetrics_dragging_genuine execution_task","trialMetrics_dragging_genuine execution_phase","trialMetrics_dragging_genuine execution_totalTrials","trialMetrics_dragging_genuine execution_startTime","trialMetrics_dragging_genuine execution_endTime","trialMetrics_dragging_genuine execution_durationMinutes","trialMetrics_dragging_genuine execution_trialsPerMinute","trialMetrics_dragging_genuine execution_correctCount","trialMetrics_dragging_genuine execution_activeTimeMs","trialMetrics_dragging_genuine execution_reinforcerCount","trialMetrics_dragging_genuine execution_countPos1","trialMetrics_dragging_genuine execution_countPos2","trialMetrics_dragging_genuine execution_countPos3","trialMetrics_dragging_genuine execution_totalPRResponses","trialMetrics_dragging_genuine execution_breakpoint","trialMetrics_dragging_genuine execution_accuracy","trialMetrics_dragging_genuine execution_activeTimeMinutes","trialMetrics_dragging_genuine execution_idleTimeMinutes","trialMetrics_dragging_genuine execution_reinforcementRatePerMin","trialMetrics_dragging_genuine execution_percentPos1","trialMetrics_dragging_genuine execution_percentPos2","trialMetrics_dragging_genuine execution_percentPos3","trialMetrics_dragging_genuine execution_percentLeft","trialMetrics_dragging_genuine execution_percentRight","trialMetrics_matching_apparent_task","trialMetrics_matching_apparent_phase","trialMetrics_matching_apparent_totalTrials","trialMetrics_matching_apparent_startTime","trialMetrics_matching_apparent_endTime","trialMetrics_matching_apparent_durationMinutes","trialMetrics_matching_apparent_trialsPerMinute","trialMetrics_matching_apparent_correctCount","trialMetrics_matching_apparent_activeTimeMs","trialMetrics_matching_apparent_reinforcerCount","trialMetrics_matching_apparent_countPos1","trialMetrics_matching_apparent_countPos2","trialMetrics_matching_apparent_countPos3","trialMetrics_matching_apparent_totalPRResponses","trialMetrics_matching_apparent_breakpoint","trialMetrics_matching_apparent_accuracy","trialMetrics_matching_apparent_activeTimeMinutes","trialMetrics_matching_apparent_idleTimeMinutes","trialMetrics_matching_apparent_reinforcementRatePerMin","trialMetrics_matching_apparent_percentPos1","trialMetrics_matching_apparent_percentPos2","trialMetrics_matching_apparent_percentPos3","trialMetrics_matching_apparent_percentLeft","trialMetrics_matching_apparent_percentRight","trialMetrics_sorting_apparent_task","trialMetrics_sorting_apparent_phase","trialMetrics_sorting_apparent_totalTrials","trialMetrics_sorting_apparent_startTime","trialMetrics_sorting_apparent_endTime","trialMetrics_sorting_apparent_durationMinutes","trialMetrics_sorting_apparent_trialsPerMinute","trialMetrics_sorting_apparent_correctCount","trialMetrics_sorting_apparent_activeTimeMs","trialMetrics_sorting_apparent_reinforcerCount","trialMetrics_sorting_apparent_countPos1","trialMetrics_sorting_apparent_countPos2","trialMetrics_sorting_apparent_countPos3","trialMetrics_sorting_apparent_totalPRResponses","trialMetrics_sorting_apparent_breakpoint","trialMetrics_sorting_apparent_accuracy","trialMetrics_sorting_apparent_activeTimeMinutes","trialMetrics_sorting_apparent_idleTimeMinutes","trialMetrics_sorting_apparent_reinforcementRatePerMin","trialMetrics_sorting_apparent_percentPos1","trialMetrics_sorting_apparent_percentPos2","trialMetrics_sorting_apparent_percentPos3","trialMetrics_sorting_apparent_percentLeft","trialMetrics_sorting_apparent_percentRight","trialMetrics_dragging_apparent_task","trialMetrics_dragging_apparent_phase","trialMetrics_dragging_apparent_totalTrials","trialMetrics_dragging_apparent_startTime","trialMetrics_dragging_apparent_endTime","trialMetrics_dragging_apparent_durationMinutes","trialMetrics_dragging_apparent_trialsPerMinute","trialMetrics_dragging_apparent_correctCount","trialMetrics_dragging_apparent_activeTimeMs","trialMetrics_dragging_apparent_reinforcerCount","trialMetrics_dragging_apparent_countPos1","trialMetrics_dragging_apparent_countPos2","trialMetrics_dragging_apparent_countPos3","trialMetrics_dragging_apparent_totalPRResponses","trialMetrics_dragging_apparent_breakpoint","trialMetrics_dragging_apparent_accuracy","trialMetrics_dragging_apparent_activeTimeMinutes","trialMetrics_dragging_apparent_idleTimeMinutes","trialMetrics_dragging_apparent_reinforcementRatePerMin","trialMetrics_dragging_apparent_percentPos1","trialMetrics_dragging_apparent_percentPos2","trialMetrics_dragging_apparent_percentPos3","trialMetrics_dragging_apparent_percentLeft","trialMetrics_dragging_apparent_percentRight","trialMetrics_matching_coercion_task","trialMetrics_matching_coercion_phase","trialMetrics_matching_coercion_totalTrials","trialMetrics_matching_coercion_startTime","trialMetrics_matching_coercion_endTime","trialMetrics_matching_coercion_durationMinutes","trialMetrics_matching_coercion_trialsPerMinute","trialMetrics_matching_coercion_correctCount","trialMetrics_matching_coercion_activeTimeMs","trialMetrics_matching_coercion_reinforcerCount","trialMetrics_matching_coercion_countPos1","trialMetrics_matching_coercion_countPos2","trialMetrics_matching_coercion_countPos3","trialMetrics_matching_coercion_totalPRResponses","trialMetrics_matching_coercion_breakpoint","trialMetrics_matching_coercion_accuracy","trialMetrics_matching_coercion_activeTimeMinutes","trialMetrics_matching_coercion_idleTimeMinutes","trialMetrics_matching_coercion_reinforcementRatePerMin","trialMetrics_matching_coercion_percentPos1","trialMetrics_matching_coercion_percentPos2","trialMetrics_matching_coercion_percentPos3","trialMetrics_matching_coercion_percentLeft","trialMetrics_matching_coercion_percentRight","trialMetrics_sorting_coercion_task","trialMetrics_sorting_coercion_phase","trialMetrics_sorting_coercion_totalTrials","trialMetrics_sorting_coercion_startTime","trialMetrics_sorting_coercion_endTime","trialMetrics_sorting_coercion_durationMinutes","trialMetrics_sorting_coercion_trialsPerMinute","trialMetrics_sorting_coercion_correctCount","trialMetrics_sorting_coercion_activeTimeMs","trialMetrics_sorting_coercion_reinforcerCount","trialMetrics_sorting_coercion_countPos1","trialMetrics_sorting_coercion_countPos2","trialMetrics_sorting_coercion_countPos3","trialMetrics_sorting_coercion_totalPRResponses","trialMetrics_sorting_coercion_breakpoint","trialMetrics_sorting_coercion_accuracy","trialMetrics_sorting_coercion_activeTimeMinutes","trialMetrics_sorting_coercion_idleTimeMinutes","trialMetrics_sorting_coercion_reinforcementRatePerMin","trialMetrics_sorting_coercion_percentPos1","trialMetrics_sorting_coercion_percentPos2","trialMetrics_sorting_coercion_percentPos3","trialMetrics_sorting_coercion_percentLeft","trialMetrics_sorting_coercion_percentRight","trialMetrics_dragging_coercion_task","trialMetrics_dragging_coercion_phase","trialMetrics_dragging_coercion_totalTrials","trialMetrics_dragging_coercion_startTime","trialMetrics_dragging_coercion_endTime","trialMetrics_dragging_coercion_durationMinutes","trialMetrics_dragging_coercion_trialsPerMinute","trialMetrics_dragging_coercion_correctCount","trialMetrics_dragging_coercion_activeTimeMs","trialMetrics_dragging_coercion_reinforcerCount","trialMetrics_dragging_coercion_countPos1","trialMetrics_dragging_coercion_countPos2","trialMetrics_dragging_coercion_countPos3","trialMetrics_dragging_coercion_totalPRResponses","trialMetrics_dragging_coercion_breakpoint","trialMetrics_dragging_coercion_accuracy","trialMetrics_dragging_coercion_activeTimeMinutes","trialMetrics_dragging_coercion_idleTimeMinutes","trialMetrics_dragging_coercion_reinforcementRatePerMin","trialMetrics_dragging_coercion_percentPos1","trialMetrics_dragging_coercion_percentPos2","trialMetrics_dragging_coercion_percentPos3","trialMetrics_dragging_coercion_percentLeft","trialMetrics_dragging_coercion_percentRight","Date","Day Number","Daily Earnings","Daily Reinforcers"
"698b2a888b4be938cb6021fc","P-147697","Genuine-Apparent-Coercion","Payout","",0,"2026-02-10T12:54:32.695Z","2026-02-10T12:57:39.526Z","2026-02-10T12:54:32.681Z",45,"male","Black or African American","Pakistan","some-college","Low class","equations",6,"2026-02-10T12:56:33.434Z","syllables",3,"2026-02-10T12:56:42.234Z","pr",3,"2026-02-10T12:56:49.379Z",0,0,0,0,0,0,0,0,0,3748,0,2952,0,9400,0,4272,0,3579,0,2902,0,2635,0,3428,0,2960,0,5,"2026-02-10T12:57:01.323Z",2,"2026-02-10T12:57:20.229Z",3,"2026-02-10T12:57:35.375Z",50,50,50,"Green Arrangement|Purple Arrangement|Orange Arrangement","Green Arrangement|Purple Arrangement|Orange Arrangement","Purple Arrangement","2026-02-10T12:57:39.514Z","",0,"",0,"",0,"matching","Pre-Training",20,"2026-02-10T12:54:56.836Z","2026-02-10T12:55:16.186Z",0.3225,62.02,9,15565,1,20,0,0,0,0,45,0.2594,0.0631,3.1,100,0,0,100,0,"sorting","Pre-Training",20,"2026-02-10T12:55:19.088Z","2026-02-10T12:55:42.932Z",0.3974,50.33,14,15657,3,20,0,0,0,0,70,0.261,0.1364,7.55,100,0,0,100,0,"dragging","Pre-Training",20,"2026-02-10T12:55:45.733Z","2026-02-10T12:56:10.585Z",0.4142,48.29,20,14177,5,0,0,0,20,4,100,0.2363,0.1779,12.07,0,0,0,0,0,"matching","Genuine Execution",0,"2026-02-10T12:56:37.214Z","2026-02-10T12:56:37.214Z",0,0,0,0,0,0,0,0,0,0,0,0,0,0,0,0,0,0,0,"sorting","Genuine Execution",0,"2026-02-10T12:56:45.210Z","2026-02-10T12:56:45.210Z",0,0,0,0,0,0,0,0,0,0,0,0,0,0,0,0,0,0,0,"dragging","Genuine Execution",0,"2026-02-10T12:56:58.804Z","2026-02-10T12:56:58.804Z",0,0,0,0,0,0,0,0,0,0,0,0,0,0,0,0,0,0,0,"matching","Apparent",0,"2026-02-10T12:57:09.549Z","2026-02-10T12:57:09.549Z",0,0,0,0,0,0,0,0,0,0,0,0,0,0,0,0,0,0,0,"sorting","Apparent",0,"2026-02-10T12:57:14.287Z","2026-02-10T12:57:14.287Z",0,0,0,0,0,0,0,0,0,0,0,0,0,0,0,0,0,0,0,"dragging","Apparent",0,"2026-02-10T12:57:18.182Z","2026-02-10T12:57:18.182Z",0,0,0,0,0,0,0,0,0,0,0,0,0,0,0,0,0,0,0,"matching","Coercion",0,"2026-02-10T12:57:24.669Z","2026-02-10T12:57:24.669Z",0,0,0,0,0,0,0,0,0,0,0,0,0,0,0,0,0,0,0,"sorting","Coercion",0,"2026-02-10T12:57:29.059Z","2026-02-10T12:57:29.059Z",0,0,0,0,0,0,0,0,0,0,0,0,0,0,0,0,0,0,0,"dragging","Coercion",0,"2026-02-10T12:57:32.915Z","2026-02-10T12:57:32.915Z",0,0,0,0,0,0,0,0,0,0,0,0,0,0,0,0,0,0,0,"2026-02-10",1,0,9
"698b2b778b4be938cb6023aa","P-801323","Genuine-Apparent-Coercion","Pre-Training","",0,"2026-02-10T12:58:31.740Z","2026-02-10T13:04:08.335Z","2026-02-10T12:58:31.737Z",34,"male","Black or African American","45","some-college","Middle class","","","","","","","","","",0,0,0,0,0,0,0,0,0,"",0,"",0,"",0,"",0,"",0,"",0,"",0,"",0,"",0,"","","","","","","","","","","","","","",0,"",0,"",0,"matching","Pre-Training",20,"2026-02-10T13:02:56.281Z","2026-02-10T13:03:17.112Z",0.34718333333333334,57.61,8,14708,3,20,0,0,0,0,40,0.2451,0.1021,8.64,100,0,0,100,0,"sorting","Pre-Training",20,"2026-02-10T13:03:19.745Z","2026-02-10T13:03:41.485Z",0.36233333333333334,55.2,7,13854,1,20,0,0,0,0,35,0.2309,0.1314,2.76,100,0,0,100,0,"dragging","Pre-Training",20,"2026-02-10T13:03:43.804Z","2026-02-10T13:04:08.341Z",0.40895,48.91,20,14854,5,0,0,0,20,7,100,0.2476,0.1614,12.23,0,0,0,0,0,,,,,,,,,,,,,,,,,,,,,,,,,,,,,,,,,,,,,,,,,,,,,,,,,,,,,,,,,,,,,,,,,,,,,,,,,,,,,,,,,,,,,,,,,,,,,,,,,,,,,,,,,,,,,,,,,,,,,,,,,,,,,,,,,,,,,,,,,,,,,,,,,,,,,,,,,,,,,,,,,,,,,,,,,,,,,,,,,,,,,,,,,,,,,,,,,,,,,,,,,,,,,,,,,,,,,,,,,"2026-02-10",1,0,9
"698b2f098b4be938cb6024f2","P-439323","Genuine-Apparent-Coercion","Genuine Assent","",0,"2026-02-10T13:13:45.527Z","2026-02-10T13:24:42.097Z","2026-02-10T13:13:45.523Z",45,"male","American Indian or Alaska Native","45","some-college","Middle class","mammals",4,"2026-02-10T13:24:42.031Z","","","","","","",0,0,0,0,0,0,0,0,0,"",0,"",0,"",0,"",0,"",0,"",0,"",0,"",0,"",0,"","","","","","","","","","","","","","",0,"",0,"",0,"matching","Pre-Training",20,"2026-02-10T13:14:14.040Z","2026-02-10T13:14:37.330Z",0.38816666666666666,51.52,14,14629,3,20,0,0,0,0,70,0.2438,0.1444,7.73,100,0,0,100,0,"sorting","Pre-Training",20,"2026-02-10T13:14:39.957Z","2026-02-10T13:14:56.976Z",0.28365,70.51,7,14888,1,20,0,0,0,0,35,0.2481,0.0355,3.53,100,0,0,100,0,"dragging","Pre-Training",20,"2026-02-10T13:14:59.115Z","2026-02-10T13:15:20.755Z",0.3606666666666667,55.45,20,14505,4,0,0,0,20,7,100,0.2417,0.1189,11.09,0,0,0,0,0,,,,,,,,,,,,,,,,,,,,,,,,,,,,,,,,,,,,,,,,,,,,,,,,,,,,,,,,,,,,,,,,,,,,,,,,,,,,,,,,,,,,,,,,,,,,,,,,,,,,,,,,,,,,,,,,,,,,,,,,,,,,,,,,,,,,,,,,,,,,,,,,,,,,,,,,,,,,,,,,,,,,,,,,,,,,,,,,,,,,,,,,,,,,,,,,,,,,,,,,,,,,,,,,,,,,,,,,,"2026-02-10",1,0,8
"698b36308b4be938cb602640","P-548422","Genuine-Apparent-Coercion","Genuine Assent","",0,"2026-02-10T13:44:16.250Z","2026-02-10T13:47:35.398Z","2026-02-10T13:44:16.246Z",45,"male","American Indian or Alaska Native","Pakistan","high-school","Low class","mammals",3,"2026-02-10T13:47:35.324Z","","","","","","",0,0,0,0,0,0,0,0,0,"",0,"",0,"",0,"",0,"",0,"",0,"",0,"",0,"",0,"","","","","","","","","","","","","","",0,"",0,"",0,"matching","Pre-Training",20,"2026-02-10T13:44:34.849Z","2026-02-10T13:44:58.222Z",0.38955,51.34,11,15842,3,20,0,0,0,0,55,0.264,0.1255,7.7,100,0,0,100,0,"sorting","Pre-Training",20,"2026-02-10T13:45:01.684Z","2026-02-10T13:45:20.631Z",0.31578333333333336,63.33,6,14832,1,20,0,0,0,0,30,0.2472,0.0686,3.17,100,0,0,100,0,"dragging","Pre-Training",20,"2026-02-10T13:45:23.775Z","2026-02-10T13:45:49.236Z",0.42435,47.13,20,14747,6,0,0,0,20,4,100,0.2458,0.1786,14.14,0,0,0,0,0,,,,,,,,,,,,,,,,,,,,,,,,,,,,,,,,,,,,,,,,,,,,,,,,,,,,,,,,,,,,,,,,,,,,,,,,,,,,,,,,,,,,,,,,,,,,,,,,,,,,,,,,,,,,,,,,,,,,,,,,,,,,,,,,,,,,,,,,,,,,,,,,,,,,,,,,,,,,,,,,,,,,,,,,,,,,,,,,,,,,,,,,,,,,,,,,,,,,,,,,,,,,,,,,,,,,,,,,,"2026-02-10",1,0,10
"699006d68c3e889280d99e6e","P-488438","Genuine-Apparent-Coercion","Pre-Training","",0,"2026-02-14T05:23:34.703Z","2026-02-14T05:43:20.358Z","2026-02-14T05:23:34.649Z",45,"male","Native Hawaiian or Other Pacific Islander","Pakistan","high-school","Middle class","","","","","","","","","",0,0,0,0,0,0,0,0,0,"",0,"",0,"",0,"",0,"",0,"",0,"",0,"",0,"",0,"","","","","","","","","","","","","","",0,"",0,"",0,"matching","Pre-Training",80,"2026-02-14T05:23:55.209Z","2026-02-14T05:40:07.145Z",16.198933333333333,4.94,37,59578,9,80,0,0,0,0,46.25,0.993,15.206,0.56,100,0,0,100,0,"sorting","Pre-Training",80,"2026-02-14T05:24:21.148Z","2026-02-14T05:40:33.819Z",16.211183333333334,4.93,20,61193,6,80,0,0,0,0,25,1.0199,15.1913,0.37,100,0,0,100,0,"dragging","Pre-Training",80,"2026-02-14T05:24:40.948Z","2026-02-14T05:41:10.599Z",16.494183333333332,4.85,80,59512,15,0,0,0,80,16,100,0.9919,15.5023,0.91,0,0,0,0,0,,,,,,,,,,,,,,,,,,,,,,,,,,,,,,,,,,,,,,,,,,,,,,,,,,,,,,,,,,,,,,,,,,,,,,,,,,,,,,,,,,,,,,,,,,,,,,,,,,,,,,,,,,,,,,,,,,,,,,,,,,,,,,,,,,,,,,,,,,,,,,,,,,,,,,,,,,,,,,,,,,,,,,,,,,,,,,,,,,,,,,,,,,,,,,,,,,,,,,,,,,,,,,,,,,,,,,,,,"2026-02-14",1,0,30
"699060ce8c3e889280d9a386","P-942490","Genuine-Apparent-Coercion","Payout","",0.2,"2026-02-14T11:47:26.403Z","2026-02-14T12:05:04.623Z","2026-02-14T11:47:26.362Z",45,"male","Black or African American","Pakistan","high-school","Low class","mammals",4,"2026-02-14T11:59:40.282Z","letters",3,"2026-02-14T12:03:30.503Z","vr",4,"2026-02-14T12:03:48.611Z",0.1,0,0,0,0,0.1,0,0,0,6782,25,8021,1,5242,1,4968,1,5711,4,3075,3,6290,1,4556,2,2500,0,3,"2026-02-14T12:03:57.757Z",4,"2026-02-14T12:04:32.682Z",4,"2026-02-14T12:04:59.578Z",50,50,50,"Green Arrangement|Purple Arrangement|Orange Arrangement","Green Arrangement|Purple Arrangement|Orange Arrangement","Purple Arrangement","2026-02-14T12:05:04.610Z","",0,"",0,"",0,"matching","Pre-Training",60,"2026-02-14T11:47:39.281Z","2026-02-14T11:53:46.891Z",6.126833333333333,9.79,30,46609,12,53,3,4,0,0,50,0.7768,5.35,1.96,88.33,5,6.67,88.33,11.67,"sorting","Pre-Training",60,"2026-02-14T11:49:12.606Z","2026-02-14T11:54:36.856Z",5.404166666666667,11.1,25,44949,6,51,9,0,0,0,41.67,0.7491,4.655,1.11,85,15,0,85,15,"dragging","Pre-Training",48,"2026-02-14T11:49:43.775Z","2026-02-14T11:55:12.668Z",5.48155,8.76,48,35255,13,0,0,0,48,8,100,0.5876,4.894,2.37,0,0,0,0,0,"matching","Genuine Execution",25,"2026-02-14T11:59:47.842Z","2026-02-14T12:03:25.911Z",3.6344833333333333,6.88,20,18710,2,18,3,4,0,0,80,0.3118,3.3226,0.55,72,12,16,72,28,"sorting","Genuine Execution",1,"2026-02-14T12:03:34.738Z","2026-02-14T12:03:42.777Z",0.13398333333333334,7.46,1,845,0,1,0,0,0,0,100,0.0141,0.1199,0,100,0,0,100,0,"dragging","Genuine Execution",1,"2026-02-14T12:03:49.922Z","2026-02-14T12:03:55.181Z",0.08765,11.41,1,636,0,0,0,0,1,0,100,0.0106,0.077,0,0,0,0,0,0,"matching","Apparent",1,"2026-02-14T12:04:02.503Z","2026-02-14T12:04:07.488Z",0.08308333333333333,12.04,1,956,0,0,0,1,0,0,100,0.0159,0.0672,0,0,0,100,0,100,"sorting","Apparent",4,"2026-02-14T12:04:11.670Z","2026-02-14T12:04:20.832Z",0.1527,26.2,1,2910,0,4,0,0,0,0,25,0.0485,0.1042,0,100,0,0,100,0,"dragging","Apparent",3,"2026-02-14T12:04:24.406Z","2026-02-14T12:04:30.778Z",0.1062,28.25,3,2332,2,0,0,0,3,2,100,0.0389,0.0673,18.83,0,0,0,0,0,"matching","Coercion",1,"2026-02-14T12:04:36.670Z","2026-02-14T12:04:42.979Z",0.10515,9.51,1,727,0,1,0,0,0,0,100,0.0121,0.093,0,100,0,0,100,0,"sorting","Coercion",2,"2026-02-14T12:04:45.932Z","2026-02-14T12:04:53.624Z",0.1282,15.6,1,1743,0,2,0,0,0,0,50,0.029,0.0992,0,100,0,0,100,0,"dragging","Coercion",0,"2026-02-14T12:04:57.203Z","2026-02-14T12:04:57.203Z",0,0,0,0,0,0,0,0,0,0,0,0,0,0,0,0,0,0,0,"2026-02-14",1,0.2,35
"699065ee230fa3a76f492543","P-783841","Genuine-Apparent-Coercion","Payout","",0.24999999999999997,"2026-02-14T12:09:18.769Z","2026-02-14T12:15:39.276Z","2026-02-14T12:09:18.758Z",12,"non-binary","Black or African American","Pakistan","less-than-high-school","Low class","mammals",3,"2026-02-14T12:11:42.680Z","syllables",3,"2026-02-14T12:11:58.052Z","pr",3,"2026-02-14T12:12:05.790Z",0,0,0.15000000000000002,0,0,0.1,0,0,0,9368,0,3040,0,5152,17,70819,0,2194,0,3219,6,55474,0,2456,0,3492,6,4,"2026-02-14T12:12:43.871Z",4,"2026-02-14T12:14:16.848Z",5,"2026-02-14T12:15:31.740Z",50,50,50,"Green Arrangement|Purple Arrangement|Orange Arrangement","Green Arrangement|Purple Arrangement|Orange Arrangement","Purple Arrangement","2026-02-14T12:15:39.257Z","",0,"",0,3459,11,"matching","Pre-Training",30,"2026-02-14T12:09:31.666Z","2026-02-14T12:10:00.919Z",0.48755,61.53,15,22718,3,29,1,0,0,0,50,0.3786,0.1089,6.15,96.67,3.33,0,96.67,3.33,"sorting","Pre-Training",30,"2026-02-14T12:10:04.472Z","2026-02-14T12:10:32.406Z",0.4655666666666667,64.44,10,21568,2,30,0,0,0,0,33.33,0.3595,0.1061,4.3,100,0,0,100,0,"dragging","Pre-Training",30,"2026-02-14T12:10:34.896Z","2026-02-14T12:11:08.743Z",0.5641166666666667,53.18,30,21794,5,0,0,0,30,15,100,0.3632,0.2009,8.86,0,0,0,0,0,"matching","Genuine Execution",0,"2026-02-14T12:11:52.078Z","2026-02-14T12:11:52.078Z",0,0,0,0,0,0,0,0,0,0,0,0,0,0,0,0,0,0,0,"sorting","Genuine Execution",0,"2026-02-14T12:12:01.123Z","2026-02-14T12:12:01.123Z",0,0,0,0,0,0,0,0,0,0,0,0,0,0,0,0,0,0,0,"dragging","Genuine Execution",17,"2026-02-14T12:12:11.842Z","2026-02-14T12:12:41.757Z",0.4985833333333333,34.1,17,12581,3,0,0,0,17,6,100,0.2097,0.2889,6.02,0,0,0,0,0,"matching","Apparent",0,"2026-02-14T12:13:57.104Z","2026-02-14T12:13:57.104Z",0,0,0,0,0,0,0,0,0,0,0,0,0,0,0,0,0,0,0,"sorting","Apparent",0,"2026-02-14T12:14:00.985Z","2026-02-14T12:14:00.985Z",0,0,0,0,0,0,0,0,0,0,0,0,0,0,0,0,0,0,0,"dragging","Apparent",6,"2026-02-14T12:14:05.442Z","2026-02-14T12:14:14.559Z",0.15195,39.49,6,4869,2,0,0,0,6,4,100,0.0811,0.0708,13.16,0,0,0,0,0,"matching","Coercion",0,"2026-02-14T12:15:14.539Z","2026-02-14T12:15:14.539Z",0,0,0,0,0,0,0,0,0,0,0,0,0,0,0,0,0,0,0,"sorting","Coercion",0,"2026-02-14T12:15:18.075Z","2026-02-14T12:15:18.075Z",0,0,0,0,0,0,0,0,0,0,0,0,0,0,0,0,0,0,0,"dragging","Coercion",6,"2026-02-14T12:15:20.537Z","2026-02-14T12:15:29.613Z",0.15126666666666666,39.67,6,3848,2,0,0,0,6,4,100,0.0641,0.0871,13.22,0,0,0,0,0,"2026-02-14",1,0.35,17
"699068fd230fa3a76f49282c","P-573488","Genuine-Apparent-Coercion","Genuine Assent","",0,"2026-02-14T12:22:21.116Z","2026-02-14T12:29:11.791Z","2026-02-14T12:22:21.114Z",45,"male","Black or African American","Pakistan","bachelors","Low class","","","","","","","","","",0,0,0,0,0,0,0,0,0,"",0,"",0,"",0,"",0,"",0,"",0,"",0,"",0,"",0,"","","","","","","","","","","","","","",0,"",0,"",0,"matching","Pre-Training",60,"2026-02-14T12:22:37.376Z","2026-02-14T12:27:39.288Z",5.031866666666667,11.92,25,42459,6,60,0,0,0,0,41.67,0.7077,4.3242,1.19,100,0,0,100,0,"sorting","Pre-Training",60,"2026-02-14T12:23:13.588Z","2026-02-14T12:28:04.643Z",4.8509166666666665,12.37,22,45246,4,60,0,0,0,0,36.67,0.7541,4.0968,0.82,100,0,0,100,0,"dragging","Pre-Training",60,"2026-02-14T12:23:46.173Z","2026-02-14T12:28:35.529Z",4.8226,12.44,60,44814,9,0,0,0,60,14,100,0.7469,4.0757,1.87,0,0,0,0,0,,,,,,,,,,,,,,,,,,,,,,,,,,,,,,,,,,,,,,,,,,,,,,,,,,,,,,,,,,,,,,,,,,,,,,,,,,,,,,,,,,,,,,,,,,,,,,,,,,,,,,,,,,,,,,,,,,,,,,,,,,,,,,,,,,,,,,,,,,,,,,,,,,,,,,,,,,,,,,,,,,,,,,,,,,,,,,,,,,,,,,,,,,,,,,,,,,,,,,,,,,,,,,,,,,,,,,,,,"2026-02-14",1,0,19
"69915c30baba8d8a1f2cd45c","TEST-001-D1","Genuine-Apparent-Coercion","Genuine Assent","",0.3,"2026-02-15T05:40:00.202Z","2026-02-15T05:54:34.991Z","2026-02-15T05:40:00.176Z",44,"male","American Indian or Alaska Native","Pakistan","some-college","Middle class","mammals",8,"2026-02-15T05:51:47.071Z","syllables",2,"2026-02-15T05:54:26.917Z","pr",2,"2026-02-15T05:54:32.693Z",0.1,0.05,0.15000000000000002,0,0,0,0,0,0,2375,69,1942,32,2242,12,"",0,"",0,"",0,"",0,"",0,"",0,"","","","","","","","","","","","","","",0,"",0,"",0,"matching","Pre-Training",30,"2026-02-15T05:40:20.010Z","2026-02-15T05:40:56.703Z",0.61155,49.06,12,21073,2,29,0,1,0,0,40,0.3512,0.2603,3.27,96.67,0,3.33,96.67,3.33,"sorting","Pre-Training",30,"2026-02-15T05:40:58.820Z","2026-02-15T05:41:28.013Z",0.48655,61.66,13,22239,2,30,0,0,0,0,43.33,0.3706,0.1159,4.11,100,0,0,100,0,"dragging","Pre-Training",30,"2026-02-15T05:41:30.346Z","2026-02-15T05:41:58.465Z",0.46865,64.01,30,22586,4,0,0,0,30,14,100,0.3764,0.0922,8.54,0,0,0,0,0,"matching","Genuine Execution",69,"2026-02-15T05:42:45.700Z","2026-02-15T05:54:23.722Z",11.6337,5.93,26,53750,2,30,37,2,0,0,37.68,0.8958,10.7379,0.17,43.48,53.62,2.9,43.48,56.52,"sorting","Genuine Execution",32,"2026-02-15T05:44:41.957Z","2026-02-15T05:54:28.891Z",9.782233333333334,3.27,16,24212,1,18,13,1,0,0,50,0.4035,9.3787,0.1,56.25,40.63,3.13,56.25,43.76,"dragging","Genuine Execution",12,"2026-02-15T05:46:42.228Z","2026-02-15T05:54:34.980Z",7.8792,1.52,12,9287,3,0,0,0,12,6,100,0.1548,7.7244,0.38,0,0,0,0,0,,,,,,,,,,,,,,,,,,,,,,,,,,,,,,,,,,,,,,,,,,,,,,,,,,,,,,,,,,,,,,,,,,,,,,,,,,,,,,,,,,,,,,,,,,,,,,,,,,,,,,,,,,,,,,,,,,,,,,,,,,,,,,,,,,,,,,,,,,,,,,,,,"2026-02-15",1,0.3,14
"69915fc28908a14cc6761d6c","Hello-001-D1","Genuine-Apparent-Coercion","Payout","",0.05,"2026-02-15T05:55:14.792Z","2026-02-15T06:02:20.321Z","2026-02-15T05:55:14.785Z",45,"male","American Indian or Alaska Native","Pakistan","high-school","High class","mammals",3,"2026-02-15T06:01:31.979Z","syllables",4,"2026-02-15T06:01:40.241Z","pr",4,"2026-02-15T06:01:48.550Z",0.05,0,0,0,0,0,0,0,0,2995,16,2635,0,2598,0,4470,0,1761,0,1883,0,2140,0,2647,0,1854,0,"","","","","","",50,50,50,"Green Arrangement|Purple Arrangement|Orange Arrangement","Green Arrangement|Purple Arrangement|Orange Arrangement","Purple Arrangement","2026-02-15T06:02:20.297Z","",0,"",0,"",0,"matching","Pre-Training",30,"2026-02-15T05:55:35.085Z","2026-02-15T05:56:06.261Z",0.5196,57.74,13,21385,3,30,0,0,0,0,43.33,0.3564,0.1632,5.77,100,0,0,100,0,"sorting","Pre-Training",30,"2026-02-15T05:56:08.296Z","2026-02-15T05:56:33.320Z",0.41706666666666664,71.93,12,22719,2,30,0,0,0,0,40,0.3786,0.0384,4.8,100,0,0,100,0,"dragging","Pre-Training",30,"2026-02-15T05:56:35.436Z","2026-02-15T05:57:06.520Z",0.5180666666666667,57.91,30,22392,4,0,0,0,30,14,100,0.3732,0.1449,7.72,0,0,0,0,0,"matching","Genuine Execution",16,"2026-02-15T05:57:42.402Z","2026-02-15T06:01:35.020Z",3.8769666666666667,4.13,15,12297,1,6,3,7,0,0,93.75,0.2049,3.672,0.26,37.5,18.75,43.75,37.5,62.5,"sorting","Genuine Execution",0,"2026-02-15T05:58:53.152Z","2026-02-15T06:01:42.913Z",2.82935,0,0,0,0,0,0,0,0,0,0,0,2.8293,0,0,0,0,0,0,"dragging","Genuine Execution",0,"2026-02-15T05:58:59.155Z","2026-02-15T06:01:51.187Z",2.8672,0,0,0,0,0,0,0,0,0,0,0,2.8672,0,0,0,0,0,0,"matching","Apparent",0,"2026-02-15T06:01:58.496Z","2026-02-15T06:01:58.496Z",0,0,0,0,0,0,0,0,0,0,0,0,0,0,0,0,0,0,0,"sorting","Apparent",0,"2026-02-15T06:02:01.287Z","2026-02-15T06:02:01.287Z",0,0,0,0,0,0,0,0,0,0,0,0,0,0,0,0,0,0,0,"dragging","Apparent",0,"2026-02-15T06:02:05.120Z","2026-02-15T06:02:05.120Z",0,0,0,0,0,0,0,0,0,0,0,0,0,0,0,0,0,0,0,"matching","Coercion",0,"2026-02-15T06:02:09.323Z","2026-02-15T06:02:09.323Z",0,0,0,0,0,0,0,0,0,0,0,0,0,0,0,0,0,0,0,"sorting","Coercion",0,"2026-02-15T06:02:12.967Z","2026-02-15T06:02:12.967Z",0,0,0,0,0,0,0,0,0,0,0,0,0,0,0,0,0,0,0,"dragging","Coercion",0,"2026-02-15T06:02:16.463Z","2026-02-15T06:02:16.463Z",0,0,0,0,0,0,0,0,0,0,0,0,0,0,0,0,0,0,0,"2026-02-15",1,0.05,10
"699166c034edf2e4e7c23718","O9YW4NVT8","Genuine-Apparent-Coercion","Genuine Assent","",0.05,"2026-02-15T06:25:04.790Z","2026-02-15T06:29:03.383Z","2026-02-15T06:25:04.775Z",45,"non-binary","Black or African American","ads","some-college","High class","mammals",2,"2026-02-15T06:28:13.350Z","","","","","","",0.05,0,0,0,0,0,0,0,0,"",0,"",0,"",0,"",0,"",0,"",0,"",0,"",0,"",0,"","","","","","","","","","","","","","",0,"",0,"",0,"matching","Pre-Training",30,"2026-02-15T06:25:48.937Z","2026-02-15T06:26:36.784Z",0.79745,37.62,17,23504,3,23,2,5,0,0,56.67,0.3917,0.4057,3.76,76.67,6.67,16.67,76.67,23.34,"sorting","Pre-Training",30,"2026-02-15T06:26:40.316Z","2026-02-15T06:27:07.989Z",0.46121666666666666,65.05,11,21615,2,30,0,0,0,0,36.67,0.3603,0.101,4.34,100,0,0,100,0,"dragging","Pre-Training",30,"2026-02-15T06:27:10.868Z","2026-02-15T06:27:40.635Z",0.49611666666666665,60.47,30,20838,4,0,0,0,30,14,100,0.3473,0.1488,8.06,0,0,0,0,0,"matching","Genuine Execution",14,"2026-02-15T06:28:16.333Z","2026-02-15T06:29:03.394Z",0.78435,17.85,14,11457,1,8,3,3,0,0,100,0.191,0.5934,1.27,57.14,21.43,21.43,57.14,42.86,,,,,,,,,,,,,,,,,,,,,,,,,,,,,,,,,,,,,,,,,,,,,,,,,,,,,,,,,,,,,,,,,,,,,,,,,,,,,,,,,,,,,,,,,,,,,,,,,,,,,,,,,,,,,,,,,,,,,,,,,,,,,,,,,,,,,,,,,,,,,,,,,,,,,,,,,,,,,,,,,,,,,,,,,,,,,,,,,,,,,,,,,,,,,,,,,"2026-02-15",1,0.05,10
"699168a02a47436d9c0f406c","IGBR3L540","Genuine-Apparent-Coercion","Genuine Assent","",0,"2026-02-15T06:33:04.966Z","2026-02-15T06:36:07.033Z","2026-02-15T06:33:04.951Z",45,"male","Native Hawaiian or Other Pacific Islander","sdad","some-college","Middle class","mammals",2,"2026-02-15T06:35:34.489Z","","","","","","",0,0,0,0,0,0,0,0,0,"",0,"",0,"",0,"",0,"",0,"",0,"",0,"",0,"",0,"","","","","","","","","","","","","","",0,"",0,"",0,"matching","Pre-Training",30,"2026-02-15T06:33:31.125Z","2026-02-15T06:33:57.758Z",0.44388333333333335,67.59,12,21728,2,30,0,0,0,0,40,0.3621,0.0818,4.51,100,0,0,100,0,"sorting","Pre-Training",30,"2026-02-15T06:34:00.036Z","2026-02-15T06:34:28.666Z",0.4771666666666667,62.87,11,21684,2,30,0,0,0,0,36.67,0.3614,0.1158,4.19,100,0,0,100,0,"dragging","Pre-Training",30,"2026-02-15T06:34:31.142Z","2026-02-15T06:35:02.659Z",0.5252833333333333,57.11,30,21761,4,0,0,0,30,17,100,0.3627,0.1626,7.61,0,0,0,0,0,"matching","Genuine Execution",11,"2026-02-15T06:35:36.549Z","2026-02-15T06:36:07.042Z",0.5082166666666666,21.64,11,7619,0,3,2,6,0,0,100,0.127,0.3812,0,27.27,18.18,54.55,27.27,72.73,,,,,,,,,,,,,,,,,,,,,,,,,,,,,,,,,,,,,,,,,,,,,,,,,,,,,,,,,,,,,,,,,,,,,,,,,,,,,,,,,,,,,,,,,,,,,,,,,,,,,,,,,,,,,,,,,,,,,,,,,,,,,,,,,,,,,,,,,,,,,,,,,,,,,,,,,,,,,,,,,,,,,,,,,,,,,,,,,,,,,,,,,,,,,,,,,"2026-02-15",1,0,8
"69916a67086807142da2b992","19Z7X6U7Q","Genuine-Apparent-Coercion","Payout","",0.25,"2026-02-15T06:40:39.791Z","2026-02-15T06:47:16.169Z","2026-02-15T06:40:39.775Z",45,"male","Black or African American","sdad","high-school","Middle class","mammals",2,"2026-02-15T06:42:47.551Z","syllables",49,"2026-02-15T06:45:36.557Z","vr",2,"2026-02-15T06:45:49.995Z",0.1,0,0.05,0.05,0,0.05,0,0,0,12203,24,8625,1,3845,16,4271,11,3611,0,2893,2,1937,0,1782,0,2034,0,4,"2026-02-15T06:46:14.375Z",4,"2026-02-15T06:46:58.213Z",3,"2026-02-15T06:47:11.464Z",50,50,50,"Green Arrangement|Purple Arrangement|Orange Arrangement","Green Arrangement|Purple Arrangement|Orange Arrangement","Orange Arrangement","2026-02-15T06:47:16.146Z","",0,"",0,"",0,"matching","Pre-Training",30,"2026-02-15T06:40:55.816Z","2026-02-15T06:41:20.520Z",0.41173333333333334,72.86,15,23189,3,30,0,0,0,0,50,0.3865,0.0253,7.29,100,0,0,100,0,"sorting","Pre-Training",30,"2026-02-15T06:41:22.537Z","2026-02-15T06:41:46.086Z",0.39248333333333335,76.44,13,22116,2,30,0,0,0,0,43.33,0.3686,0.0239,5.1,100,0,0,100,0,"dragging","Pre-Training",30,"2026-02-15T06:41:47.882Z","2026-02-15T06:42:17.635Z",0.49588333333333334,60.5,30,22763,5,0,0,0,30,13,100,0.3794,0.1165,10.08,0,0,0,0,0,"matching","Genuine Execution",24,"2026-02-15T06:42:50.836Z","2026-02-15T06:44:23.874Z",1.5506333333333333,15.48,24,16742,2,6,5,13,0,0,100,0.279,1.2716,1.29,25,20.83,54.17,25,75,"sorting","Genuine Execution",1,"2026-02-15T06:45:38.397Z","2026-02-15T06:45:47.055Z",0.1443,6.93,0,645,0,1,0,0,0,0,0,0.0107,0.1336,0,100,0,0,100,0,"dragging","Genuine Execution",16,"2026-02-15T06:45:51.021Z","2026-02-15T06:46:12.351Z",0.3555,45.01,16,11676,1,0,0,0,16,16,100,0.1946,0.1609,2.81,0,0,0,0,0,"matching","Apparent",11,"2026-02-15T06:46:21.997Z","2026-02-15T06:46:45.402Z",0.39008333333333334,28.2,11,8415,1,5,2,4,0,0,100,0.1403,0.2498,2.56,45.45,18.18,36.36,45.45,54.54,"sorting","Apparent",0,"2026-02-15T06:46:50.266Z","2026-02-15T06:46:50.266Z",0,0,0,0,0,0,0,0,0,0,0,0,0,0,0,0,0,0,0,"dragging","Apparent",2,"2026-02-15T06:46:52.644Z","2026-02-15T06:46:56.421Z",0.06295,31.77,2,1123,1,0,0,0,2,2,100,0.0187,0.0442,15.89,0,0,0,0,0,"matching","Coercion",0,"2026-02-15T06:47:02.735Z","2026-02-15T06:47:02.735Z",0,0,0,0,0,0,0,0,0,0,0,0,0,0,0,0,0,0,0,"sorting","Coercion",0,"2026-02-15T06:47:05.467Z","2026-02-15T06:47:05.467Z",0,0,0,0,0,0,0,0,0,0,0,0,0,0,0,0,0,0,0,"dragging","Coercion",0,"2026-02-15T06:47:08.411Z","2026-02-15T06:47:08.411Z",0,0,0,0,0,0,0,0,0,0,0,0,0,0,0,0,0,0,0,"2026-02-15",1,0.25,15
"69916e6af5d60ffac86162ab","QQDEQKMIP","Genuine-Apparent-Coercion","Payout","",0,"2026-02-15T06:57:46.346Z","2026-02-15T07:01:04.203Z","2026-02-15T06:57:46.333Z",45,"non-binary","Black or African American","Pakistan","high-school","Low class","mammals",2,"2026-02-15T07:00:11.784Z","syllables",4,"2026-02-15T07:00:20.779Z","pr",3,"2026-02-15T07:00:27.474Z",0,0,0,0,0,0,0,0,0,3743,0,1982,0,2573,0,2563,0,2450,0,1973,0,1927,0,1672,0,2454,0,5,"2026-02-15T07:00:31.908Z",2,"2026-02-15T07:00:45.654Z",4,"2026-02-15T07:00:58.309Z",50,50,50,"Green Arrangement|Purple Arrangement|Orange Arrangement","Green Arrangement|Purple Arrangement|Orange Arrangement","Purple Arrangement","2026-02-15T07:01:04.172Z","",0,"",0,"",0,"matching","Pre-Training",30,"2026-02-15T06:58:10.383Z","2026-02-15T06:58:33.930Z",0.39245,76.44,15,23094,2,30,0,0,0,0,50,0.3849,0.0076,5.1,100,0,0,100,0,"sorting","Pre-Training",30,"2026-02-15T06:58:36.006Z","2026-02-15T06:58:58.019Z",0.36688333333333334,81.77,9,23697,2,30,0,0,0,0,30,0.395,0,5.45,100,0,0,100,0,"dragging","Pre-Training",30,"2026-02-15T06:59:00.383Z","2026-02-15T06:59:31.140Z",0.5126166666666667,58.52,30,22377,5,0,0,0,30,15,100,0.373,0.1397,9.75,0,0,0,0,0,"matching","Genuine Execution",0,"2026-02-15T07:00:15.558Z","2026-02-15T07:00:15.558Z",0,0,0,0,0,0,0,0,0,0,0,0,0,0,0,0,0,0,0,"sorting","Genuine Execution",0,"2026-02-15T07:00:22.797Z","2026-02-15T07:00:22.797Z",0,0,0,0,0,0,0,0,0,0,0,0,0,0,0,0,0,0,0,"dragging","Genuine Execution",0,"2026-02-15T07:00:30.084Z","2026-02-15T07:00:30.084Z",0,0,0,0,0,0,0,0,0,0,0,0,0,0,0,0,0,0,0,"matching","Apparent",0,"2026-02-15T07:00:36.864Z","2026-02-15T07:00:36.864Z",0,0,0,0,0,0,0,0,0,0,0,0,0,0,0,0,0,0,0,"sorting","Apparent",0,"2026-02-15T07:00:40.654Z","2026-02-15T07:00:40.654Z",0,0,0,0,0,0,0,0,0,0,0,0,0,0,0,0,0,0,0,"dragging","Apparent",0,"2026-02-15T07:00:43.660Z","2026-02-15T07:00:43.660Z",0,0,0,0,0,0,0,0,0,0,0,0,0,0,0,0,0,0,0,"matching","Coercion",0,"2026-02-15T07:00:49.987Z","2026-02-15T07:00:49.987Z",0,0,0,0,0,0,0,0,0,0,0,0,0,0,0,0,0,0,0,"sorting","Coercion",0,"2026-02-15T07:00:52.578Z","2026-02-15T07:00:52.578Z",0,0,0,0,0,0,0,0,0,0,0,0,0,0,0,0,0,0,0,"dragging","Coercion",0,"2026-02-15T07:00:56.005Z","2026-02-15T07:00:56.005Z",0,0,0,0,0,0,0,0,0,0,0,0,0,0,0,0,0,0,0,"2026-02-15",1,0,9
"699173e496a28d31300933c6","ILG2PIBAD","Genuine-Apparent-Coercion","Genuine Assent","",0.05,"2026-02-15T07:21:08.085Z","2026-02-15T07:24:31.324Z","2026-02-15T07:21:08.065Z",45,"male","Native Hawaiian or Other Pacific Islander","Pakistan","less-than-high-school","Low class","mammals",3,"2026-02-15T07:23:40.854Z","syllables",2,"2026-02-15T07:24:21.931Z","pr",3,"2026-02-15T07:24:28.961Z",0.05,0,0,0,0,0,0,0,0,16513,12,2829,0,2316,0,"",0,"",0,"",0,"",0,"",0,"",0,"","","","","","","","","","","","","","",0,"",0,"",0,"matching","Pre-Training",30,"2026-02-15T07:21:37.970Z","2026-02-15T07:22:06.411Z",0.47401666666666664,63.29,13,22131,3,30,0,0,0,0,43.33,0.3689,0.1052,6.33,100,0,0,100,0,"sorting","Pre-Training",30,"2026-02-15T07:22:08.433Z","2026-02-15T07:22:35.952Z",0.45865,65.41,11,21926,2,30,0,0,0,0,36.67,0.3654,0.0932,4.36,100,0,0,100,0,"dragging","Pre-Training",30,"2026-02-15T07:22:38.039Z","2026-02-15T07:23:09.553Z",0.5252333333333333,57.12,30,21945,4,0,0,0,30,16,100,0.3658,0.1595,7.62,0,0,0,0,0,"matching","Genuine Execution",12,"2026-02-15T07:23:44.892Z","2026-02-15T07:24:17.641Z",0.5458166666666666,21.99,12,8392,1,4,5,3,0,0,100,0.1399,0.4059,1.83,33.33,41.67,25,33.33,66.67,"sorting","Genuine Execution",0,"2026-02-15T07:24:24.803Z","2026-02-15T07:24:24.803Z",0,0,0,0,0,0,0,0,0,0,0,0,0,0,0,0,0,0,0,"dragging","Genuine Execution",0,"2026-02-15T07:24:31.319Z","2026-02-15T07:24:31.319Z",0,0,0,0,0,0,0,0,0,0,0,0,0,0,0,0,0,0,0,,,,,,,,,,,,,,,,,,,,,,,,,,,,,,,,,,,,,,,,,,,,,,,,,,,,,,,,,,,,,,,,,,,,,,,,,,,,,,,,,,,,,,,,,,,,,,,,,,,,,,,,,,,,,,,,,,,,,,,,,,,,,,,,,,,,,,,,,,,,,,,,,"2026-02-15",1,0.05,10
"6991bccc96a28d3130093600","NPSD59D31","Genuine-Apparent-Coercion","Payout","",0.15000000000000002,"2026-02-15T12:32:12.574Z","2026-02-15T12:41:41.277Z","2026-02-15T12:32:12.560Z",45,"male","Black or African American","Pakistan","high-school","Middle class","mammals",3,"2026-02-15T12:34:56.066Z","letters",2,"2026-02-15T12:35:48.907Z","pr",6,"2026-02-15T12:36:30.012Z",0.05,0.05,0.05,0,0,0,0,0,0,8478,14,5265,22,3287,2,5373,0,2499,0,2582,0,2847,0,3106,0,3524,0,5,"2026-02-15T12:41:01.605Z","","","","",50,50,50,"Green Arrangement|Purple Arrangement|Orange Arrangement","Green Arrangement|Purple Arrangement|Orange Arrangement","Purple Arrangement","2026-02-15T12:41:41.253Z","",0,"",0,"",0,"matching","Pre-Training",30,"2026-02-15T12:32:32.218Z","2026-02-15T12:33:08.274Z",0.6009333333333333,49.92,14,21072,3,30,0,0,0,0,46.67,0.3512,0.2497,4.99,100,0,0,100,0,"sorting","Pre-Training",30,"2026-02-15T12:33:10.659Z","2026-02-15T12:33:41.176Z",0.5086166666666667,58.98,6,22861,2,30,0,0,0,0,20,0.381,0.1276,3.93,100,0,0,100,0,"dragging","Pre-Training",30,"2026-02-15T12:33:44.204Z","2026-02-15T12:34:19.034Z",0.5805,51.68,30,22385,4,0,0,0,30,17,100,0.3731,0.2074,6.89,0,0,0,0,0,"matching","Genuine Execution",14,"2026-02-15T12:35:11.447Z","2026-02-15T12:35:44.462Z",0.55025,25.44,14,10948,1,3,6,5,0,0,100,0.1825,0.3678,1.82,21.43,42.86,35.71,21.43,78.57,"sorting","Genuine Execution",22,"2026-02-15T12:35:51.237Z","2026-02-15T12:36:22.270Z",0.5172166666666667,42.54,16,16293,1,13,4,5,0,0,72.73,0.2716,0.2457,1.93,59.09,18.18,22.73,59.09,40.91,"dragging","Genuine Execution",2,"2026-02-15T12:36:31.608Z","2026-02-15T12:36:37.108Z",0.09166666666666666,21.82,2,1469,1,0,0,0,2,2,100,0.0245,0.0672,10.91,0,0,0,0,0,"matching","Apparent",0,"2026-02-15T12:41:09.408Z","2026-02-15T12:41:09.408Z",0,0,0,0,0,0,0,0,0,0,0,0,0,0,0,0,0,0,0,"sorting","Apparent",0,"2026-02-15T12:41:14.543Z","2026-02-15T12:41:14.543Z",0,0,0,0,0,0,0,0,0,0,0,0,0,0,0,0,0,0,0,"dragging","Apparent",0,"2026-02-15T12:41:18.839Z","2026-02-15T12:41:18.839Z",0,0,0,0,0,0,0,0,0,0,0,0,0,0,0,0,0,0,0,"matching","Coercion",0,"2026-02-15T12:41:27.345Z","2026-02-15T12:41:27.345Z",0,0,0,0,0,0,0,0,0,0,0,0,0,0,0,0,0,0,0,"sorting","Coercion",0,"2026-02-15T12:41:31.968Z","2026-02-15T12:41:31.968Z",0,0,0,0,0,0,0,0,0,0,0,0,0,0,0,0,0,0,0,"dragging","Coercion",0,"2026-02-15T12:41:36.725Z","2026-02-15T12:41:36.725Z",0,0,0,0,0,0,0,0,0,0,0,0,0,0,0,0,0,0,0,"2026-02-15",1,0.15,12
"6991bf1c96a28d3130093901","7TB5C5R6O","Genuine-Apparent-Coercion","Payout","",0,"2026-02-15T12:42:04.176Z","2026-02-15T12:48:20.907Z","2026-02-15T12:42:04.166Z",45,"male","Native Hawaiian or Other Pacific Islander","Pakistan","less-than-high-school","Middle class","mammals",3,"2026-02-15T12:45:30.401Z","syllables",2,"2026-02-15T12:47:28.304Z","vr",5,"2026-02-15T12:47:37.516Z",0,0,0,0,0,0,0,0,0,64175,5,2195,0,2271,0,2431,0,2174,0,1920,0,2410,0,2208,0,2456,0,"","","","","","",50,50,50,"Green Arrangement|Purple Arrangement|Orange Arrangement","Green Arrangement|Purple Arrangement|Orange Arrangement","Purple Arrangement","2026-02-15T12:48:10.699Z","",0,"",0,"",0,"matching","Pre-Training",30,"2026-02-15T12:43:18.665Z","2026-02-15T12:43:46.067Z",0.4567,65.69,20,21991,3,30,0,0,0,0,66.67,0.3665,0.0902,6.57,100,0,0,100,0,"sorting","Pre-Training",30,"2026-02-15T12:43:48.952Z","2026-02-15T12:44:24.998Z",0.6007666666666667,49.94,15,22592,3,30,0,0,0,0,50,0.3765,0.2242,4.99,100,0,0,100,0,"dragging","Pre-Training",30,"2026-02-15T12:44:27.552Z","2026-02-15T12:44:58.620Z",0.5178,57.94,30,22687,5,0,0,0,30,18,100,0.3781,0.1397,9.66,0,0,0,0,0,"matching","Genuine Execution",5,"2026-02-15T12:45:35.854Z","2026-02-15T12:47:24.505Z",1.81085,2.76,3,3450,0,3,0,2,0,0,60,0.0575,1.7533,0,60,0,40,60,40,"sorting","Genuine Execution",0,"2026-02-15T12:47:30.535Z","2026-02-15T12:47:30.535Z",0,0,0,0,0,0,0,0,0,0,0,0,0,0,0,0,0,0,0,"dragging","Genuine Execution",0,"2026-02-15T12:47:39.836Z","2026-02-15T12:47:39.836Z",0,0,0,0,0,0,0,0,0,0,0,0,0,0,0,0,0,0,0,"matching","Apparent",0,"2026-02-15T12:47:48.117Z","2026-02-15T12:47:48.117Z",0,0,0,0,0,0,0,0,0,0,0,0,0,0,0,0,0,0,0,"sorting","Apparent",0,"2026-02-15T12:47:52.507Z","2026-02-15T12:47:52.507Z",0,0,0,0,0,0,0,0,0,0,0,0,0,0,0,0,0,0,0,"dragging","Apparent",0,"2026-02-15T12:47:55.787Z","2026-02-15T12:47:55.787Z",0,0,0,0,0,0,0,0,0,0,0,0,0,0,0,0,0,0,0,"matching","Coercion",0,"2026-02-15T12:48:00.313Z","2026-02-15T12:48:00.313Z",0,0,0,0,0,0,0,0,0,0,0,0,0,0,0,0,0,0,0,"sorting","Coercion",0,"2026-02-15T12:48:03.585Z","2026-02-15T12:48:03.585Z",0,0,0,0,0,0,0,0,0,0,0,0,0,0,0,0,0,0,0,"dragging","Coercion",0,"2026-02-15T12:48:07.027Z","2026-02-15T12:48:07.027Z",0,0,0,0,0,0,0,0,0,0,0,0,0,0,0,0,0,0,0,"2026-02-15",1,0,11
"6991c35a96a28d3130093b60","BSPKGVZNH","Genuine-Apparent-Coercion","Payout","",0,"2026-02-15T13:00:10.497Z","2026-02-15T13:03:39.561Z","2026-02-15T13:00:10.492Z",45,"male","Black or African American","Pakistan","less-than-high-school","Middle class","mammals",3,"2026-02-15T13:02:41.984Z","syllables",3,"2026-02-15T13:02:50.010Z","pr",4,"2026-02-15T13:02:57.934Z",0,0,0,0,0,0,0,0,0,3177,0,1899,0,2275,0,1968,0,1681,0,1542,0,1791,0,2010,0,2806,1,"","","","","","",50,50,50,"Green Arrangement|Purple Arrangement|Orange Arrangement","Green Arrangement|Purple Arrangement|Orange Arrangement","Orange Arrangement","2026-02-15T13:03:27.675Z","",0,"",0,"",0,"matching","Pre-Training",30,"2026-02-15T13:00:36.617Z","2026-02-15T13:01:04.974Z",0.4726166666666667,63.48,13,23682,2,29,1,0,0,0,43.33,0.3947,0.0779,4.23,96.67,3.33,0,96.67,3.33,"sorting","Pre-Training",30,"2026-02-15T13:01:08.044Z","2026-02-15T13:01:37.802Z",0.49596666666666667,60.49,13,22195,2,30,0,0,0,0,43.33,0.3699,0.126,4.03,100,0,0,100,0,"dragging","Pre-Training",30,"2026-02-15T13:01:39.616Z","2026-02-15T13:02:09.807Z",0.5031833333333333,59.62,30,22627,4,0,0,0,30,17,100,0.3771,0.1261,7.95,0,0,0,0,0,"matching","Genuine Execution",0,"2026-02-15T13:02:45.198Z","2026-02-15T13:02:45.198Z",0,0,0,0,0,0,0,0,0,0,0,0,0,0,0,0,0,0,0,"sorting","Genuine Execution",0,"2026-02-15T13:02:51.942Z","2026-02-15T13:02:51.942Z",0,0,0,0,0,0,0,0,0,0,0,0,0,0,0,0,0,0,0,"dragging","Genuine Execution",0,"2026-02-15T13:03:00.254Z","2026-02-15T13:03:00.254Z",0,0,0,0,0,0,0,0,0,0,0,0,0,0,0,0,0,0,0,"matching","Apparent",0,"2026-02-15T13:03:05.222Z","2026-02-15T13:03:05.222Z",0,0,0,0,0,0,0,0,0,0,0,0,0,0,0,0,0,0,0,"sorting","Apparent",0,"2026-02-15T13:03:07.904Z","2026-02-15T13:03:07.904Z",0,0,0,0,0,0,0,0,0,0,0,0,0,0,0,0,0,0,0,"dragging","Apparent",0,"2026-02-15T13:03:10.468Z","2026-02-15T13:03:10.468Z",0,0,0,0,0,0,0,0,0,0,0,0,0,0,0,0,0,0,0,"matching","Coercion",0,"2026-02-15T13:03:14.166Z","2026-02-15T13:03:14.166Z",0,0,0,0,0,0,0,0,0,0,0,0,0,0,0,0,0,0,0,"sorting","Coercion",0,"2026-02-15T13:03:17.073Z","2026-02-15T13:03:17.073Z",0,0,0,0,0,0,0,0,0,0,0,0,0,0,0,0,0,0,0,"dragging","Coercion",1,"2026-02-15T13:03:20.238Z","2026-02-15T13:03:23.061Z",0.04705,21.25,1,780,0,0,0,0,1,0,100,0.013,0.034,0,0,0,0,0,0,"2026-02-15",1,0,8
"6991c7e767d584b6dd9e0b93","AUMTOGJ2U","Genuine-Apparent-Coercion","Payout","",0.05,"2026-02-15T13:19:35.729Z","2026-02-16T06:13:41.567Z","2026-02-15T13:19:35.713Z",45,"male","American Indian or Alaska Native","Pakistan","masters","Low class","equations",2,"2026-02-16T05:52:54.552Z","syllables",2,"2026-02-16T05:53:13.941Z","pr",2,"2026-02-16T05:53:22.674Z",0.05,0,0,0,0,0,0,0,0,3816,36,2261,3,2073,0,1780,0,2209,0,3066,0,1913,0,3525,0,1840,0,3,"2026-02-16T06:13:10.437Z",3,"2026-02-16T06:13:24.128Z",4,"2026-02-16T06:13:38.078Z",50,50,50,"Green Arrangement|Purple Arrangement|Orange Arrangement","Green Arrangement|Purple Arrangement|Orange Arrangement","Orange Arrangement","2026-02-16T06:13:41.542Z","",0,"",0,"",0,"matching","Pre-Training",30,"2026-02-15T13:20:19.052Z","2026-02-15T13:20:42.752Z",0.395,75.95,15,22464,3,30,0,0,0,0,50,0.3744,0.0206,7.59,100,0,0,100,0,"sorting","Pre-Training",30,"2026-02-15T13:20:44.744Z","2026-02-15T13:21:07.273Z",0.37548333333333334,79.9,17,20662,3,30,0,0,0,0,56.67,0.3444,0.0311,7.99,100,0,0,100,0,"dragging","Pre-Training",30,"2026-02-15T13:21:09.728Z","2026-02-15T13:21:39.453Z",0.49541666666666667,60.56,30,22680,4,0,0,0,30,18,100,0.378,0.1174,8.07,0,0,0,0,0,"matching","Genuine Execution",0,"2026-02-15T13:22:11.562Z","2026-02-15T13:22:11.562Z",0,0,0,0,0,0,0,0,0,0,0,0,0,0,0,0,0,0,0,"sorting","Genuine Execution",0,"2026-02-15T13:22:17.903Z","2026-02-15T13:22:17.903Z",0,0,0,0,0,0,0,0,0,0,0,0,0,0,0,0,0,0,0,"dragging","Genuine Execution",0,"2026-02-15T13:22:29.182Z","2026-02-15T13:22:29.182Z",0,0,0,0,0,0,0,0,0,0,0,0,0,0,0,0,0,0,0,"matching","Apparent",0,"2026-02-15T13:22:35.653Z","2026-02-15T13:22:35.653Z",0,0,0,0,0,0,0,0,0,0,0,0,0,0,0,0,0,0,0,"sorting","Apparent",0,"2026-02-15T13:22:38.403Z","2026-02-15T13:22:38.403Z",0,0,0,0,0,0,0,0,0,0,0,0,0,0,0,0,0,0,0,"dragging","Apparent",0,"2026-02-15T13:22:41.785Z","2026-02-15T13:22:41.785Z",0,0,0,0,0,0,0,0,0,0,0,0,0,0,0,0,0,0,0,"matching","Coercion",0,"2026-02-15T13:22:45.708Z","2026-02-15T13:22:45.708Z",0,0,0,0,0,0,0,0,0,0,0,0,0,0,0,0,0,0,0,"sorting","Coercion",0,"2026-02-15T13:22:48.375Z","2026-02-15T13:22:48.375Z",0,0,0,0,0,0,0,0,0,0,0,0,0,0,0,0,0,0,0,"dragging","Coercion",0,"2026-02-15T13:22:51.161Z","2026-02-15T13:22:51.161Z",0,0,0,0,0,0,0,0,0,0,0,0,0,0,0,0,0,0,0,"2026-02-15",1,0,10
"6991c7e767d584b6dd9e0b93","AUMTOGJ2U","Genuine-Apparent-Coercion","Payout","",0.05,"2026-02-15T13:19:35.729Z","2026-02-16T06:13:41.567Z","2026-02-15T13:19:35.713Z",45,"male","American Indian or Alaska Native","Pakistan","masters","Low class","equations",2,"2026-02-16T05:52:54.552Z","syllables",2,"2026-02-16T05:53:13.941Z","pr",2,"2026-02-16T05:53:22.674Z",0.05,0,0,0,0,0,0,0,0,3816,36,2261,3,2073,0,1780,0,2209,0,3066,0,1913,0,3525,0,1840,0,3,"2026-02-16T06:13:10.437Z",3,"2026-02-16T06:13:24.128Z",4,"2026-02-16T06:13:38.078Z",50,50,50,"Green Arrangement|Purple Arrangement|Orange Arrangement","Green Arrangement|Purple Arrangement|Orange Arrangement","Orange Arrangement","2026-02-16T06:13:41.542Z","",0,"",0,"",0,,,,,,,,,,,,,,,,,,,,,,,,,,,,,,,,,,,,,,,,,,,,,,,,,,,,,,,,,,,,,,,,,,,,,,,,,"matching","Genuine Execution",36,"2026-02-16T05:16:18.722Z","2026-02-16T06:13:04.159Z",56.75728333333333,0.63,16,28633,1,24,4,8,0,0,44.44,0.4772,56.2801,0.02,66.67,11.11,22.22,66.67,33.33,"sorting","Genuine Execution",3,"2026-02-16T05:18:52.180Z","2026-02-16T06:13:06.459Z",54.23798333333333,0.06,0,2348,0,3,0,0,0,0,0,0.0391,54.1989,0,100,0,0,100,0,"dragging","Genuine Execution",0,"2026-02-16T05:19:02.455Z","2026-02-16T06:13:08.576Z",54.102016666666664,0,0,0,0,0,0,0,0,0,0,0,54.102,0,0,0,0,0,0,"matching","Apparent",0,"2026-02-16T05:19:09.572Z","2026-02-16T06:13:14.645Z",54.08455,0,0,0,0,0,0,0,0,0,0,0,54.0846,0,0,0,0,0,0,"sorting","Apparent",0,"2026-02-16T05:19:13.681Z","2026-02-16T06:13:18.008Z",54.072116666666666,0,0,0,0,0,0,0,0,0,0,0,54.0721,0,0,0,0,0,0,"dragging","Apparent",0,"2026-02-16T05:19:16.753Z","2026-02-16T06:13:21.948Z",54.08658333333333,0,0,0,0,0,0,0,0,0,0,0,54.0866,0,0,0,0,0,0,"matching","Coercion",0,"2026-02-16T05:19:23.754Z","2026-02-16T06:13:27.973Z",54.07031666666666,0,0,0,0,0,0,0,0,0,0,0,54.0703,0,0,0,0,0,0,"sorting","Coercion",0,"2026-02-16T05:19:27.465Z","2026-02-16T06:13:33.194Z",54.095483333333334,0,0,0,0,0,0,0,0,0,0,0,54.0955,0,0,0,0,0,0,"dragging","Coercion",0,"2026-02-16T05:19:30.673Z","2026-02-16T06:13:35.920Z",54.08745,0,0,0,0,0,0,0,0,0,0,0,54.0874,0,0,0,0,0,0,"2026-02-16",2,0.05,1